<?xml version="1.0" encoding="UTF-8"?>
<lugares>
    <lugares>
        <id>1</id>
        <photo>http://lugaresdeinteres.webcindario.com/Ports-de-Tortosa-Beseit.gif</photo>
         <Name>Los Ports de Tortosa</Name>
          <Gastronomi>The esquisites the expensive bar restaurant ports Beseit are very good and are their specialty</Gastronomi>
        <Ranking>5 Stars</Ranking>
        <location>ESP</location>
          <lat>0.312653</lat>
           <lng>-40.86368</lng>
    </lugares>
    <lugares>
        <id>2</id>
        <photo>http://lugaresdeinteres.webcindario.com/Castelle_de_la_Suda.jpg</photo>
        <Name>Parado de Tortosa</Name>
        <Gastronomi>These are meat, fish and the best dish it is the meat tipoco cordeno with a sauce of caramelized onions bathed with honey and a touch of cognac</Gastronomi>
        <Ranking>5 Stars</Ranking>
        <location>ESP</location>
        <lat>0.52323</lat>
        <lng>-40.81486</lng>
    </lugares>
    <lugares>
        <id>3</id>
        <photo>http://lugaresdeinteres.webcindario.com/Catedral_de_Tortosa.jpg/photo>
        <Name>La Catedral de la Cinta Tortosa</Name>
        <Gastronomi>Nothing gastronimi is religius</Gastronomi>
        <Ranking>5 Stars</Ranking>
        <location>ESP</location>
        <lat>40.8143</lat>
        <lng>-0.522447</lng>
    </lugares>
    <lugares>
        <id>4</id>
        <photo>http://lugaresdeinteres.webcindario.com/Convent_de_Santa_Clara_(Tortosa),_esgl%C3%A9sia_vella.jpg</photo>
        <Name>Convent de Santa Clara Tortosa</Name>
        <Gastronomi>Pasta of the convent of Santa Clara are very sweet and are very good and the fantasy and danger nuns and name are the typical pastries Destin (The nun farts).</Gastronomi>
        <Ranking>5 Stars</Ranking>
        <location>ESP</location>
        <lat>40.8123</lat>
        <lng>-0.524838</lng>
    </lugares>
    <lugares>
        <id>5</id>
        <photo>http://lugaresdeinteres.webcindario.com/Delta-del_ebre.jpg</photo>
        <Name>Delta de L´Ebre</Name>
        <Gastronomi>Tthe Ebro Delta has a very good rice. Both the famous artichokes in rice.</Gastronomi>
        <Ranking>5 Stars</Ranking>
        <location>ESP</location>
        <lat>0.7230895243530724</lat>
        <lng>-40.72263451312286</lng>
    </lugares>
    <lugares>
        <id>6</id>
        <photo>http://lugaresdeinteres.webcindario.com/ambllagostinsampolla.jpg</photo>
        <Name>La Ampolla</Name>
        <Gastronomi>The bottle has several dishes and most typical dishes are oysters which are both very good and very tasty as the famous rice Bogavante and you have a very good and seafood and fish esquisit.</Gastronomi>
        <Ranking>5 Stars</Ranking>
        <location>ESP</location>
        <lat>0.312653</lat>
        <lng>-40.86368</lng>
    </lugares>
    <lugares>
        <id>7</id>
        <photo>http://lugaresdeinteres.webcindario.com/56DDA_0306.jpg</photo>
        <Name>Sant Carles de la Rapita</Name>
        <Gastronomi>In Sant Carles de la Ràpita mussels are the natural or mariena tene a sailor and a fish esquisit.</Gastronomi>
        <Ranking>5 Stars</Ranking>
        <location>ESP</location>
        <lat>40.616667</lat>
        <lng>-0.591667</lng>
    </lugares>
</lugares>